stock,buy_date,sell_date,buy_reason,sell_reason,buy_price,sell_price,loss_pct,actual_post_days,recovered,recover_days,max_potential_pct,post_gain_pct,buy_date_norm,key,profit_pct,is_win,holding_bars,adx,pdi,mdi,pdi_mdi_ratio,is_strong_trend,atr_pct,vs_ma5,vs_ma10,vs_ma20,vs_ma60,is_bullish_align,ma5_slope,recent_gain3,recent_gain5,body_pct,body_ratio,upper_shadow_ratio,lower_shadow_ratio,vol_ratio,reversal_ratio,prev5_drop,rsi,macd_diff,macd_dea,macd_hist,macd_hist_prev,macd_hist_slope,kdj_k,kdj_d,kdj_j,kdj_cross,boll_upper,boll_mid,boll_lower,boll_pctb,boll_width,cci,wr,mfi,bias6,bias12,bias24
000100,2025-09-24,2025-09-29,影线后收阳,震荡市时间止损,4.349999904632568,4.239999771118164,-2.6846460027346595,10,True,2,3.448278130022205,6.132081200873961,2025-09-24,000100_2025-09-24,-2.6846460027346595,False,5,20.758392627158944,23.611087655580533,15.277795714359984,1.5454511957760948,False,2.3645321655014273,1.1627884798271757,1.0687699882595385,0.4502909601283195,-1.0126325170137058,False,0.3266434616303407,0.9280733731803988,1.6355068082427315,3.3254124754644065,0.875,0.0,0.1428571428571428,1.158717226425361,3.5,-0.936767260695586,50.196,-0.035,-0.035,-0.0,-0.014,0.014,43.34647278088502,40.289764883588184,49.4598885754787,True,4.535,4.331,4.126,0.5476770284414869,9.443546525051946,7.6921442792464685,35.294,61.56120044772012,1.241,1.143,-0.77
000100,2026-01-23,2026-02-02,影线后收阳,止损清仓,4.960000038146973,4.659999847412109,-6.198668387036905,10,False,0,-1.209676256413027,5.150220081844087,2026-01-23,000100_2026-01-23,-6.198668387036905,False,10,61.45777846765819,36.30571458986611,9.554146607994433,3.799995549522686,True,4.521889173871115,1.4314924357342935,2.7553354072275846,6.164384313133242,12.864078713460003,True,0.90796643357668,1.6393426604503258,4.641356068608219,3.1185051382921953,0.6000003814697266,0.5333324856233688,0.1333331214058422,1.670738153858638,1.666673730946313,-0.8230444599618197,64.932,0.138,0.124,0.028,0.024,0.004,56.55590404627722,55.00617974789466,59.655352643042335,True,5.067,4.672,4.277,0.8645570103126234,16.90924657534247,98.5221804474187,29.508,64.5783452022657,1.953,3.531,7.07
000100,2026-02-04,2026-02-09,影线后收阳,震荡市时间止损,4.829999923706055,4.809999942779541,-0.5733679744278586,10,True,8,2.2774355124627266,2.702705114083539,2026-02-04,000100_2026-02-04,-0.5733679744278586,False,5,25.641505104413557,12.698395878766089,24.20634552705151,0.52458954882616,False,3.726709515537389,1.47058785226871,-0.4123727070916486,0.4053616420533157,7.8847424944569715,False,-0.5847947741833353,1.4705817533261394,-2.8168988409594498,3.426120873622839,0.8421042064553693,0.125,0.0625014901175404,1.0105207880985263,4.0,-6.187632843399832,54.89,0.07,0.103,-0.066,-0.076,0.0099999999999999,41.23583129782113,45.4085732160603,32.890347461342785,False,5.055,4.811,4.566,0.5398771445931594,10.164207025566409,-55.523593883787726,47.917,54.733906753866734,0.73,-0.549,1.169
000725,2024-11-11,2024-11-19,影线后收阳,止损清仓,4.550000190734863,4.289999961853027,-5.865102396738422,10,False,0,-5.054945262240515,0.6993055961564923,2024-11-11,000725_2024-11-11,-5.865102396738422,False,8,85.57864709297174,31.896526386860675,3.0172267616503903,10.571471389645776,True,3.6420738274440025,0.7082794147462573,2.247195297412654,6.122453428218395,14.976419886414153,True,0.7133317970234138,2.0179406237243804,3.644654421763239,1.3363123090261777,0.4000025431298935,0.9999920527696098,0.4999920527696098,1.0336217472707463,1.2000038146827137,3.9080478165735664,62.794,0.148,0.135,0.026,0.03,-0.004,74.74698766232622,71.1069136394951,82.02713570798846,True,4.671,4.288,3.904,0.8422427519359362,17.88712686567165,90.81446270589316,17.308,71.24029408428481,1.186,3.019,6.568
000725,2025-01-07,2025-01-10,影线后收阳,止损清仓,4.320000171661377,4.090000152587891,-5.475510354328736,10,True,6,2.3148125152529935,8.068457491309672,2025-01-07,000725_2025-01-07,-5.475510354328736,False,3,24.54935257891529,30.666617923343708,18.66663699681791,1.6428571428571428,False,2.4801602084484724,3.398755434522461,2.151810785968337,1.802759624639319,1.5873048266421184,False,-0.0956479204222394,4.600485519506565,-0.460829037404248,5.882359128509954,0.8000015894587098,0.2083319260028968,0.0416655904728034,1.7533062452751718,12.000023841880648,-3.7825022858310713,55.463,-0.01,-0.002,-0.016,-0.042,0.026,41.441993635647755,33.864865681902174,56.59624954313893,True,4.386,4.244,4.101,0.7684216549521995,6.7153628652214925,10.370425000607238,18.919,50.99825259418634,2.735,2.007,2.097
000725,2025-07-17,2025-08-01,影线后收阳,止损清仓,3.9800000190734863,3.9700000286102295,-0.410806165883753,10,True,1,1.0050241623450802,1.2594446336512388,2025-07-17,000725_2025-07-17,-0.410806165883753,False,15,36.7455505675174,25.974017931565772,19.48051344867433,1.3333333333333333,True,1.3819086511113805,0.657561328174058,0.9127780218115804,1.5047176460207274,4.224860778279348,True,0.050607238600332,-0.2506263268008833,0.2518889267302477,2.313622409825836,0.9,0.0,0.1111111111111111,1.074849331894265,4.5,-0.765305377701246,59.251,0.033,0.036,-0.005,-0.01,0.005,48.95228291926995,52.78384072126166,41.28916731528652,False,4.011,3.921,3.831,0.8277778837415902,4.59066564651875,20.655713006590272,28.571,62.225785700257774,0.59,0.93,1.975
000725,2025-09-11,2025-09-15,影线后收阳,止损清仓,4.099999904632568,4.099999904632568,-0.1599520143956775,10,True,1,1.4634132725648945,1.4634132725648945,2025-09-11,000725_2025-09-11,-0.1599520143956775,False,4,34.118230708284464,21.014488246656093,13.768118946673717,1.526315129034606,True,2.404181439965511,1.0848092262252107,0.9603513194307776,1.5354106218127528,2.98488380309791,True,0.5453638739687363,0.7370941451077506,2.756889594809717,1.9900478628265224,0.8,0.0,0.25,1.2015794339914765,4.0,1.0050241623450802,56.587,0.022,0.025,-0.006,-0.014,0.008,44.33534619226503,42.10195731266632,48.802123951462434,True,4.211,4.038,3.865,0.6791904758166708,8.56859831599802,-11.558465608651922,42.308,66.14794410145683,1.36,0.758,2.075
001301,2024-09-11,2024-09-23,影线后收阳,止损清仓,28.3799991607666,27.209999084472656,-4.275979752755664,10,True,1,42.10712834272435,48.21757878731036,2024-09-11,001301_2024-09-11,-4.275979752755664,False,12,44.57001628758164,28.85713074353145,9.94285691864634,2.9022976976983563,True,4.404509868657257,1.713135668432448,2.9902715044612473,6.776022660785702,0.0,False,-0.4424468953882431,2.5288975717963775,-2.1379339283910292,3.994130482491393,0.8074058794358205,0.2110108439068862,0.0275236100393194,1.1075191279091194,3.4062477648236893,-2.709441505185745,61.498,0.444,0.184,0.519,0.509,0.01,62.83597325958983,65.89532702722987,56.717265724309755,False,29.063,26.579,24.095,0.8625199598966592,18.691448135746267,69.6250680337897,23.848,65.88727822209196,1.05,4.128,7.881
001301,2024-10-18,2024-10-24,多头排列形成,盈利锁定,38.459999084472656,37.7599983215332,-1.9771155980019612,10,True,1,43.005723633012224,45.65678613559532,2024-10-18,001301_2024-10-18,-1.9771155980019612,False,6,34.81224974980143,47.5824122560762,19.450542166417726,2.44632832591317,True,6.760271209367316,7.851932835226151,8.533691777370315,19.552375216896063,35.39551689270661,True,3.5423916649795486,10.899650363419209,18.85042756201241,10.358682262302755,0.9450264132855332,0.0,0.0581714817084768,1.3758329083490952,60.16912512716175,3.0446311662666665,68.93,2.288,1.949,0.678,0.377,0.301,58.12215585941061,56.92846742174789,60.50953273473603,True,39.615,32.17,24.725,0.922431100367539,46.28535903015232,94.57971726344756,13.73,62.93019039451215,9.541,10.507,22.369
001301,2026-06-22,2026-06-25,影线后收阳,震荡市时间止损,66.12999725341797,63.7400016784668,-3.7682581205353274,10,True,2,2.35899781155314,6.197051551496706,2026-06-22,001301_2026-06-22,-3.7682581205353274,False,3,1.685849738142008,21.50574941353213,23.53140267402303,0.9139170202239122,False,6.398652040805848,1.2679501711350367,3.780539144759007,2.8020633362618628,13.802711821996663,False,0.8680869690626803,-0.7950890782693888,4.437772539697974,4.553355341372282,0.6025100395196353,0.0034729672809924,0.656250413921539,1.1238101795238709,0.9632104719255942,6.713121605533723,56.477,1.432,1.589,-0.314,-0.557,0.243,65.23153851686192,58.24043130320677,79.21375294417221,True,68.896,64.327,59.759,0.6972745160794537,14.203988993735136,12.952981043992343,30.337,61.10243063316588,1.783,3.827,3.655
001301,2026-06-29,2026-07-03,影线后收阳,止损清仓,66.73999786376953,61.189998626708984,-8.462502327316768,10,False,0,-4.854656828702711,3.77512898371388,2026-06-29,001301_2026-06-29,-8.462502327316768,False,4,12.27741440495796,23.25695968389584,19.394438371382805,1.1991561311830676,False,6.539235866745413,3.2040555137913804,2.7006201746222027,3.508972747477912,13.184185058587005,True,0.1890126788420921,0.846173399835953,0.922426486748469,10.974390656972828,0.7560136105609003,0.0,0.322727509175505,1.5944728737629204,2.7731073580348227,-3.455967434308411,56.002,1.05,1.316,-0.532,-0.973,0.4409999999999999,59.97052405592599,59.93859048980485,60.034391188168286,True,69.299,64.477,59.656,0.7346259321548819,14.955720644570944,-3.4580410202957856,13.82,63.79733570275134,2.817,3.74,3.523
002270,2026-03-04,2026-03-12,影线后收阳,盈利锁定,34.56999969482422,33.0099983215332,-4.665321217227994,10,False,0,-4.512587176923167,0.0,2026-03-04,002270_2026-03-04,-4.665321217227994,False,8,46.33287193079409,28.657651147399655,10.688922049243056,2.6810609166552077,True,5.818421874592603,0.3366796394126764,0.963784830350418,6.8409742757961025,20.900192820836168,True,0.3845928821541522,3.5339931918106138,1.9463280754407857,4.18926876691924,0.5167286614376453,0.9352516603545749,0.0,1.154896680536088,0.8424230934623085,0.8108122040530873,59.001,1.466,1.434,0.063,0.109,-0.046,63.863647514018325,69.08578783979979,53.41936686245538,False,36.411,32.356,28.302,0.7729682691853764,25.061812337742616,66.40285315581514,19.757,64.66416599492985,0.601,2.506,7.565
002407,2024-10-23,2024-11-01,多头排列形成,盈利锁定,11.59000015258789,11.520000457763672,-0.7629522558294324,10,True,1,25.88438274808944,26.64930184751212,2024-10-23,002407_2024-10-23,-0.7629522558294324,False,9,37.83912005974887,40.32752519233085,18.730820357211115,2.153003681806456,True,6.021199569695759,3.0955341405728505,2.921588578008506,6.379073624847166,14.185318078037442,True,1.0607697657057829,4.039495470346765,5.363637750799006,1.5775662364851557,0.4090919928127567,0.7777730682829653,0.6666649006061119,1.3360510150478833,1.200005086275956,3.5390142781135734,59.677,0.399,0.404,-0.01,-0.03,0.0199999999999999,44.98135679179211,36.79904046021573,61.3459894549449,True,13.083,10.895,8.707,0.6588208758199018,40.16521340064249,3.840598838154404,57.051,60.040597148711335,3.467,0.797,9.04
002461,2024-08-13,2024-08-21,影线后收阳,止损清仓,8.399999618530273,8.199999809265137,-2.5370938549850357,10,True,2,2.7381012661389517,5.24390628265535,2024-08-13,002461_2024-08-13,-2.5370938549850357,False,8,55.149617380436176,34.48279093903749,4.137928993323948,8.333345254273658,True,2.4659853712192046,0.7435800321138263,2.5515777314028543,5.507751903963943,0.0,False,0.3852632998817124,0.2386575634395413,1.9417457749564655,1.449274026921029,0.705881362968282,0.0833353201567206,0.3333333333333333,1.3324001938098162,2.399988555951859,2.72614963256948,75.872,0.28,0.253,0.054,0.06,-0.0059999999999999,83.76051479634329,82.44707849138798,86.38738740625391,True,8.512,7.961,7.411,0.8982739496187766,13.82992086421305,86.47589241999815,10.101,79.87472615622703,0.941,3.682,5.988
002461,2024-10-10,2024-10-17,影线后收阳,止损清仓,8.890000343322754,8.75,-1.7322400296423413,10,True,1,7.76152478893386,9.485713413783484,2024-10-10,002461_2024-10-10,-1.7322400296423413,False,7,38.20565773406911,37.806855558647754,13.747937543245062,2.750001986823387,True,4.909208844660007,-0.4479236363386231,4.612855272934988,6.754733532885932,9.350339951248364,True,0.903956114859624,-3.787872689016913,4.711432072888129,3.372092430110646,0.4833337306980108,1.0344802638718524,0.0344835524044105,1.062060118167064,0.5686271209894274,8.301885072285515,59.713,0.195,0.106,0.18,0.191,-0.011,54.889932597052486,58.18511863981909,48.29956051151929,False,9.151,8.327,7.504,0.8415302630982113,19.779032064368923,79.55747049417586,53.138,73.98588992068127,0.376,5.77,6.84
002461,2024-12-24,2025-01-07,影线后收阳,止损清仓,9.5,9.1899995803833,-3.4178948322997624,10,False,0,-2.2105267173365544,1.0881434824348022,2024-12-24,002461_2024-12-24,-3.4178948322997624,False,14,39.30784868418817,36.88764529454946,13.54468268602086,2.72340416897476,True,2.6090213230678017,2.591792233956116,2.8583795714619673,5.867275710315861,7.599954934954872,True,0.7397740476625208,4.510449290755885,3.7117921206510474,2.925248874912227,0.7714290385338499,0.0740756439056782,0.2222198674748159,1.405449567320238,3.0,0.5446539803746714,66.214,0.173,0.128,0.091,0.071,0.02,75.22789309872131,68.98814286553181,87.70739356510029,True,9.55,8.974,8.397,0.9566348655680826,12.848228214842884,89.63890316750842,3.158,74.06049219322966,2.777,3.91,6.807
002461,2026-06-12,2026-06-16,影线后收阳,止损清仓,9.390000343322754,8.899999618530273,-5.369930085488136,10,False,0,-5.218324886866707,0.0,2026-06-12,002461_2026-06-12,-5.369930085488136,False,4,15.305605415389438,21.63460039528567,21.153850856380966,1.0227263367870294,False,4.746692111909448,3.3458098200030575,0.8918048554267314,0.4654188829892653,-1.2946932081819371,False,0.397790729670223,6.947615363367849,1.9544006995682577,5.387211045239913,0.7868865017486645,0.1041649695917284,0.1666663355300933,1.303758862636177,2.086962831506145,-2.297593328871028,49.832,-0.125,-0.101,-0.048,-0.104,0.0559999999999999,38.01179311341986,34.84115802242502,44.353063295409555,True,9.911,9.346,8.782,0.538529976370907,12.080034239246732,-29.496037767862216,44.604,61.901594278229595,3.111,0.428,-0.04
002498,2025-12-24,2025-12-31,影线后收阳,止损清仓,3.849999904632568,3.7899999618530273,-1.7158993688449264,10,True,2,12.207799446001918,13.984174542028727,2025-12-24,002498_2025-12-24,-1.7158993688449264,False,7,31.532256619904288,37.85048925946517,19.626173013911835,1.928572077329349,True,3.9703152495269447,1.049867780938753,-0.3107213928307358,3.106586121412435,3.5874410479995498,True,0.1577285583381173,0.2604164241347407,0.785339578901603,2.393614744616607,0.4736836161311452,0.7777804268756275,0.3333333333333333,1.0680219614489734,1.8,-2.331604057390195,55.461,0.04,0.034,0.012,0.012,0.0,41.59482931872425,49.02706264130428,26.730362673564187,False,4.046,3.734,3.422,0.6858972830650131,16.71130155329406,17.475736345585993,40.741,75.12389490133185,1.006,0.566,4.183
002810,2024-10-18,2024-10-29,影线后收阳,盈利锁定,13.829999923706056,13.65999984741211,-1.3871982810894996,10,True,8,6.290671658412739,7.613469791143926,2024-10-18,002810_2024-10-18,-1.3871982810894996,False,11,63.80980177527527,45.95085374686877,8.917202924127173,5.1530568652351825,True,5.676065942604469,0.7576868193536831,0.3628447044762645,10.839510847429151,21.129844172205665,True,0.8078733828667811,1.2445100892600074,4.141567784593693,3.363227245263293,0.6923078051686243,0.4444442089692048,0.0,1.1299534058847238,1.3636361009161055,-2.181819568980824,63.64,0.713,0.634,0.159,0.204,-0.0449999999999999,41.620870448530205,53.33267707367262,18.197257198245367,False,15.273,12.477,9.682,0.7419066220186111,44.81045123026367,42.92233661219775,33.192,65.92846499330139,1.306,2.186,13.021
002810,2026-05-06,2026-05-11,影线后收阳,盈利锁定,27.579999923706055,27.540000915527344,-0.3047490741123742,10,True,1,6.7077606475248075,6.862742653660682,2026-05-06,002810_2026-05-06,-0.3047490741123742,False,5,62.62413631230516,32.606677065669416,14.935072288167502,2.183228606901519,True,5.583755728331787,0.8335752153354201,2.0045854528937164,9.108890757683506,29.040307447126956,True,-0.8194931830718682,1.2110088943341455,-3.935908034834259,3.9577806629650345,0.5172408285218992,0.0,0.9333353920603376,1.317975307137385,1.8750004257478687,1.763807489137145,65.507,1.688,1.677,0.023,0.074,-0.051,62.589072189072745,69.18405908609577,49.3990983950267,False,29.24,25.278,21.315,0.7905362679755276,31.351372735184736,42.43310426755625,21.944,58.619315889150954,0.006,3.347,10.661
002853,2024-11-25,2024-12-04,影线后收阳,盈利锁定,10.649999618530272,10.630000114440918,-0.3474404199816852,10,True,1,26.103293767339657,26.34054713631702,2024-11-25,002853_2024-11-25,-0.3474404199816852,False,9,40.46009083793235,36.92493773406013,11.743335477753984,3.144331336187149,True,5.539905175986625,5.112511356179098,4.0140607678036755,8.551622217903535,28.212841171993492,True,2.2195307071870194,6.820454696979798,11.51831838561216,6.4999961853027335,0.9027769131428192,0.1076933685850692,0.0,1.3304329491848688,2.954540134467915,3.1568271817777114,63.075,0.484,0.513,-0.06,-0.121,0.061,47.12709495696705,44.660867614380386,52.05954964214037,True,11.089,9.811,8.533,0.8282471121010458,26.05239017429417,67.41573167483688,28.879,61.438231252610294,6.129,4.344,10.182
002879,2026-02-06,2026-02-10,影线后收阳,止损清仓,21.809999465942383,21.649999618530273,-0.8923863488512808,10,True,1,6.648330116668347,7.436492557595983,2026-02-06,002879_2026-02-06,-0.8923863488512808,False,4,13.321452848072328,19.9510392772527,21.787031361640143,0.9157300481230304,False,5.351412346908783,2.0207670992583524,3.4237459822602583,3.7509190595878046,19.18032505401958,True,1.529254077224914,1.82072543538438,7.97029030789327,4.604312071504075,0.6575331728200392,0.3750009934116936,0.1458348234508738,1.5245008797758264,1.3150680636480023,3.834663648851036,59.062,0.716,0.821,-0.209,-0.287,0.0779999999999999,60.314734987782735,50.770505862635936,79.40319323807633,True,23.081,21.022,18.962,0.6914298290707412,19.593758919227476,46.148411996624695,29.968,54.50390930193339,2.966,2.45,5.929
002879,2026-02-12,2026-03-03,影线后收阳,盈利锁定,22.040000915527344,21.36000061035156,-3.2403177257757374,10,True,1,10.753170750619542,14.27902223739848,2026-02-12,002879_2026-02-12,-3.2403177257757374,False,19,6.0806344367749405,22.867933002390306,22.56605365192538,1.013377587198955,False,4.294139727202178,1.2774608202524669,2.9473627905031594,2.880086648098345,18.4617229043466,False,1.1057429342763634,0.7312694739387562,5.707436509762469,1.942645975904771,0.3853217912307318,0.8095194844710061,0.7857139613353255,1.2058323904902477,2.333329801212224,-1.2897226674557287,59.526,0.67,0.74,-0.14,-0.192,0.0519999999999999,75.14629000737823,68.26693368945168,88.90500264323131,True,22.694,21.423,20.152,0.7427226260925823,11.86575176212481,91.2549582898161,12.811,58.00749176600704,1.99,3.567,4.243
300199,2024-09-19,2024-09-23,影线后收阳,止损清仓,9.210000038146973,9.079999923706056,-1.5692047407970366,10,True,1,54.505966159576325,56.718057949369104,2024-09-19,300199_2024-09-19,-1.5692047407970366,False,4,38.66866280898194,35.54983350943382,13.299244963087192,2.673071562190515,True,3.0324180480977585,1.0089953935165838,0.1958238256834393,0.6007653405688966,0.0,False,0.131782168296438,-0.2166793616601827,0.6557423182312311,1.543554002572292,0.5000017029914748,0.928569968869422,0.0714232191878802,1.3889680851687032,1.7499850990022292,-2.4972909333116573,49.94,-0.092,-0.1,0.017,-0.001,0.018,29.880326364787223,32.999268701405995,23.642441691549692,False,9.386,9.155,8.924,0.6190477016168254,5.046422719825229,-1.7977392250826232,54.545,61.52602884043208,0.95,0.199,0.077
300199,2024-10-21,2024-10-31,多头排列形成,止损清仓,12.220000267028809,12.0,-1.9574018292100173,10,True,6,10.965631123621083,13.000003496805826,2024-10-21,300199_2024-10-21,-1.9574018292100173,False,10,49.431142536232805,51.30693618921867,15.60866392083492,3.2870805886679775,True,7.82674775001599,5.145415063478502,5.645372689277313,15.321099461346574,25.012790455537683,True,2.234342812023816,11.496352413287642,11.598177898497177,4.000002272585605,0.8867934034494237,0.1276583656466415,0.0,1.311495520173383,0.9215687374479686,11.688314101048254,65.212,0.637,0.514,0.247,0.219,0.0279999999999999,48.666615136492375,43.6214802611828,58.756884887111525,True,13.126,10.596,8.067,0.8209132767402271,47.74443186107965,75.96111370598742,41.104,75.00631552709322,6.169,6.207,17.944
300199,2024-11-19,2024-11-26,影线后收阳,止损清仓,12.5,11.579999923706056,-7.508180155511453,10,True,4,14.000000000000002,23.056995629404444,2024-11-19,300199_2024-11-19,-7.508180155511453,False,7,30.769062497562924,25.442490642861944,19.46902916270665,1.30681866210348,True,5.165714263916016,4.045279382833179,3.4682555796953305,4.615641596415276,17.621228040031394,True,-0.6779097950566928,3.5625543997335085,-3.1758315434395334,8.695652173913043,1.0,0.0,0.0,1.2160621353034096,3.125002980235081,-9.098159728197484,58.053,0.278,0.346,-0.135,-0.225,0.09,37.62690625046703,40.580153885201256,31.72041098099858,False,12.744,11.949,11.153,0.8466373350094281,13.314921750774117,35.078287914601404,45.299,61.61147550653352,2.768,4.131,4.453
300199,2025-07-16,2025-07-24,影线后收阳,止损清仓,19.43000030517578,18.690000534057617,-3.9624024259941297,10,True,3,42.4086445789874,48.047080179974515,2025-07-16,300199_2025-07-16,-3.9624024259941297,False,8,37.07108797376847,26.991152229623545,10.74591374383887,2.5117596207301425,True,5.815748989053353,4.093005041568156,4.417456540961961,10.649204831946264,23.341587876033387,True,0.7230736859456967,4.970286682430372,3.571428934539409,7.0523455291904735,0.8000002384185223,0.0390618829991253,0.2109377444720447,1.3762776481445471,2.9090889386918204,-0.9761404553287896,65.586,0.824,0.771,0.106,0.036,0.07,60.86419651480835,59.83587134380639,62.92084685681229,True,19.811,17.56,15.309,0.9153710140328256,25.637813211845103,75.7920478435863,13.835,71.36866886614837,4.006,5.588,10.786
300199,2025-10-27,2025-10-30,影线后收阳,止损清仓,21.790000915527344,20.010000228881836,-8.315773331615448,10,True,2,2.569983673306469,11.69415355233432,2025-10-27,300199_2025-10-27,-8.315773331615448,False,3,21.812624632364095,23.752633327779726,16.584687298651037,1.4322026638218084,False,4.664655161935681,1.7653681861592128,2.113505683736268,0.3708095014875828,-8.807462811900384,False,0.5163845115268768,0.7397215023982066,2.5894592765347535,3.1723487200309437,0.7701159757086795,0.2985057206218525,0.0,1.3920707040975726,2.6800003051757812,-1.9681353012690217,46.505,-0.688,-0.793,0.211,0.104,0.107,54.78218642500573,51.769181676213506,60.80819592259019,True,23.582,21.71,19.837,0.5214955715693841,17.250115154306776,72.93820903153754,27.174,51.92635032894271,1.902,2.369,-1.607
300207,2024-09-11,2024-09-13,影线后收阳,止损清仓,16.020000457763672,15.239999771118164,-5.021082086695496,10,True,6,62.60922904303726,70.93175609115676,2024-09-11,300207_2024-09-11,-5.021082086695496,False,2,18.92265669596655,27.503351230329347,22.56343145613504,1.218934774340413,False,3.3395744826763463,1.123597128964775,0.0687129216595458,1.7368964133484912,0.0,False,-0.3647786266398947,2.2988544946317755,-1.7780442530624874,1.9083981274738584,0.731709756579789,0.099995867413923,0.2666662428116844,1.3538167087404878,3.000019073595468,-4.92401448054377,52.853,0.057,0.059,-0.004,-0.026,0.022,44.18305090147778,48.04500498320891,36.459142738015515,False,16.498,15.747,14.995,0.6819696991108924,9.544675176224054,15.539744682564658,45.902,56.94186351413937,0.628,0.94,1.776
300207,2024-10-25,2024-11-01,影线后收阳,止损清仓,23.100000381469727,21.399999618530273,-7.507491189485514,10,True,3,12.467528628600668,21.401869183867788,2024-10-25,300207_2024-10-25,-7.507491189485514,False,7,47.28165827121128,33.44781792445753,17.904679743974693,1.8681047861642672,True,7.201608080061837,2.2033463175150287,5.301547586014096,11.86440940190338,32.545331746976984,True,0.8837705472885051,2.0768945564874843,4.477610781497045,3.309480102498661,0.560606016819351,0.5405401922298717,0.2432437308781796,1.3611467555614776,1.0277757173737974,6.003842547177106,64.602,1.569,1.508,0.121,0.121,0.0,71.61852956923478,63.23118648593414,88.39321573583605,True,26.162,20.65,15.138,0.7222424148648157,53.384987893462466,59.057461798683846,49.331,60.652620584025065,2.575,5.894,17.081
300207,2025-11-05,2025-11-12,影线后收阳,止损清仓,36.08000183105469,32.209999084472656,-10.868966435525923,10,False,0,-3.325944296118609,8.289357527270763,2025-11-05,300207_2025-11-05,-10.868966435525923,False,7,34.84562117797797,30.946274663991037,17.318212715106295,1.7869208083463073,True,5.418515436382555,1.456615354580088,7.936703208918497,12.81875454300319,28.37497883851491,True,1.6812503341705012,0.8948644422301089,8.871461966063237,9.632336670739464,0.8025319927491794,0.1987371795566049,0.0473190637270652,1.0690875143514182,1.811429704938616,8.459315069820985,64.308,1.591,1.25,0.683,0.592,0.091,72.41973889048644,71.08480630992841,75.08960405160252,True,36.824,31.981,27.137,0.9231962249462876,30.289859604139952,84.45543653879592,18.99,72.56045895625242,2.621,9.911,11.768
300207,2025-12-17,2025-12-19,影线后收阳,止损清仓,28.979999542236328,28.40999984741211,-2.123678645933051,10,True,1,4.520363678342299,6.617392038763017,2025-12-17,300207_2025-12-17,-2.123678645933051,False,2,21.25738340992455,16.704969542344458,18.007666811167212,0.927658742107839,False,3.216503855663106,0.9826467826355162,0.3705876757664207,0.2542666331264288,-6.989683002517784,False,0.0418318807868684,-1.7960036683659155,0.2074670324484717,4.057447559384802,0.8625951308718334,0.159292423769295,0.0,1.010264837476654,2.215683634582085,-4.237001104002009,45.825,-0.689,-0.723,0.067,-0.032,0.099,42.88739658610659,38.99497014234951,50.67224947362074,True,29.94,28.906,27.873,0.535558559378968,7.150764547152841,-70.95584105633459,36.585,46.34682938381229,0.853,0.314,-1.179
301035,2024-10-25,2024-10-29,影线后收阳,盈利锁定,35.0099983215332,34.97999954223633,-0.2455012776947706,10,True,1,12.13938932806518,12.235559849361984,2024-10-25,301035_2024-10-25,-0.2455012776947706,False,4,37.27234285251012,30.651701762789617,23.947612924007363,1.2799481042246776,True,6.543029552176437,1.050623982574865,2.789191069809345,3.514032503512747,17.42082814584063,True,0.1676865404955034,1.802846591708252,0.8352450767114498,1.7732464203392553,0.7922031597564541,0.1639390395667481,0.0983634237400489,1.0723446059992956,3.588255093797684,5.000004623875474,59.536,1.347,1.47,-0.247,-0.264,0.017,56.996619713136695,44.34769972162388,82.29445969616233,True,40.141,33.821,27.502,0.5940342053590636,37.37027290736525,-7.98479742572305,81.012,59.02452558177017,1.015,2.759,6.643
301319,2024-10-18,2024-10-31,影线后收阳,止损清仓,14.220000267028809,13.829999923706056,-2.898183537641764,10,True,3,15.189865352858485,18.438172459347463,2024-10-18,301319_2024-10-18,-2.898183537641764,False,13,58.07211627274128,50.56576019273123,11.24470344877356,4.496851377458634,True,7.102672331623576,5.13086088249493,3.350536021940323,15.567476964564536,21.955405643599253,True,1.9598977720943016,6.836963326243948,10.061920921503305,6.040271654238794,0.7941177020573177,0.2469132168595403,0.0123459551867493,1.6291863068019832,5.062477275842954,-2.3323661973064542,64.198,0.68,0.547,0.267,0.232,0.035,41.10432556221858,47.06389531114212,29.185186064371493,False,15.478,12.305,9.131,0.8017961662248005,51.58065826899634,64.97503949262239,36.288,65.69777119476461,5.922,6.034,17.577
600004,2024-07-31,2024-08-05,影线后收阳,震荡市时间止损,9.109999656677246,9.06999969482422,-0.5983272351786355,10,True,1,0.6586215354324567,1.10254007535182,2024-07-31,600004_2024-07-31,-0.5983272351786355,False,5,12.095832075118295,21.658997719092383,23.502313868709376,0.9215687374479686,False,1.701427127233304,1.425068889219785,0.975390445705439,0.6462986036222954,0.0,False,0.3799733508351218,1.3348152237400626,1.901566938179393,2.47468284430082,0.7857125827228109,0.0909114553982469,0.1818185758997078,2.024409150855079,22.00152598950882,-1.2222184075249565,50.227,0.008,0.026,-0.035,-0.061,0.0259999999999999,41.19862875007138,31.91409372725096,59.767698795712214,True,9.345,9.051,8.758,0.5996586996205214,6.48547121864989,-24.27348571416379,51.724,40.729634133837635,1.504,0.719,0.0
600004,2024-12-06,2024-12-10,影线后收阳,止损清仓,9.420000076293944,9.420000076293944,-0.1599520143956713,10,True,1,1.6985121668391638,1.6985121668391638,2024-12-06,600004_2024-12-06,-0.1599520143956713,False,4,32.385945660407096,14.545448240166529,20.909103519666942,0.6956514527983082,False,1.668182315569238,0.5765544697918951,1.453959443687312,0.6517796873138354,3.4577441691001236,False,0.2998508129813307,0.1062723596598798,1.5086244326639628,1.5086244326639628,0.9333320617724288,0.0714300311305781,0.0,1.2052106685979296,3.500011920940324,0.5411276187598063,55.819,0.023,0.029,-0.012,-0.029,0.017,71.95894377296398,60.41584165722193,95.04514800444808,True,9.613,9.359,9.105,0.6200788903424123,5.427930334437431,61.366058112769934,16.279,46.5615582899887,0.731,1.436,0.364
600004,2024-12-27,2024-12-31,影线后收阳,止损清仓,9.420000076293944,9.15999984741211,-2.9156245321864867,10,False,0,-1.8046717082493453,0.9825344332654932,2024-12-27,600004_2024-12-27,-2.9156245321864867,False,4,11.049167457660152,18.579253767667087,16.393358045498108,1.1333403269850049,False,1.3876243215122168,1.1380732018866824,0.8997451495353344,0.45857069440971,0.9069493489101637,False,0.2799313428414225,1.0729655015467532,1.399355381859308,1.7278600805329538,0.8421020930582743,0.0625014901175404,0.1250029802350809,1.7155922178031973,1.777773068282965,-0.6437711148821496,54.431,0.001,0.011,-0.02,-0.04,0.02,39.94510609418119,30.93724698066099,57.96082432122159,True,9.54,9.377,9.214,0.6319020745213059,3.4765916604457576,-16.78352385210958,52.381,46.48169596152854,1.182,0.569,0.726
600004,2025-05-26,2025-06-06,影线后收阳,止损清仓,9.039999961853027,9.0,-0.601721718785144,10,True,1,0.0,0.4444440205891927,2025-05-26,600004_2025-05-26,-0.601721718785144,False,11,78.68148635270015,32.92685905286259,8.536541398155222,3.85716621253406,True,1.2958290960157588,1.0281628084493757,1.2885149787453964,3.521327595022487,4.823747130365341,True,-0.1339295075027878,0.7803756158349057,-0.6593452428735904,1.916573601886017,0.8095240257764497,0.058824849375624,0.1764689382804699,1.5192410594674508,2.42858310626703,-1.2290464695135888,64.823,0.122,0.099,0.047,0.044,0.003,63.5606909174392,69.83582910398346,51.01041454435068,False,9.191,8.733,8.274,0.8353325647252201,10.500400778655692,68.1021316100343,18.519,66.01050408845364,0.743,1.754,4.197
600157,2024-11-18,2024-11-25,影线后收阳,止损清仓,1.7100000381469729,1.5499999523162842,-9.501715693154004,10,True,7,19.298240721892387,31.61290481360973,2024-11-18,600157_2024-11-18,-9.501715693154004,False,7,58.23351856713551,40.00000953674317,14.66667652130127,2.7272715450326337,True,6.265664020625497,5.036857564625379,3.136311581160963,14.114117458659992,35.84006727589627,True,-0.6105000329026375,3.636367445806553,-2.840906397000803,7.547169952781877,0.9230769936149668,0.0,0.0833332505491077,1.483340369465905,5.999970197826825,-10.9195434585684,67.258,0.11,0.108,0.005,0.001,0.004,55.12455070160784,62.79459475121632,39.784462602390875,False,1.844,1.498,1.153,0.8060782028176159,46.12817089452603,48.61112898497737,24.528,73.78481529447498,3.636,5.992,17.391
600176,2025-03-31,2025-04-07,影线后收阳,止损清仓,12.300000190734863,11.369999885559082,-7.70883605143156,10,False,0,-4.552848869372595,3.2541766867475084,2025-03-31,600176_2025-03-31,-7.70883605143156,False,7,76.95072429416201,34.42622886745857,7.17212205706844,4.800005994534074,True,2.83391296830351,0.753605819313177,1.485151046826747,5.430080103738572,12.236520491340592,True,0.0163857593406455,0.5723683656470123,0.0813688276067997,2.414654090976875,0.9062507450587702,0.068963816276263,0.0344835524044105,1.0004989232780666,9.666751438471564,-0.0825704004211602,67.941,0.372,0.339,0.065,0.076,-0.0109999999999999,63.79954954985565,69.61322518930126,52.17219827096443,False,12.674,11.666,10.659,0.8143921542108504,17.272415566603794,57.09668355682817,22.581,66.55464665661594,0.641,2.429,6.582
600188,2024-10-21,2024-11-04,多头排列形成,震荡市时间止损,14.869999885559082,14.43000030517578,-3.1141940828019132,10,True,4,1.6812374036585305,4.781701772631371,2024-10-21,600188_2024-10-21,-3.1141940828019132,False,14,68.97443734769598,34.42623976000459,8.587037904352188,4.009093722825686,True,6.153328182752915,2.368167818949828,1.4324695793502575,7.27554709999259,11.67436342705019,True,0.0275437325215875,3.551533712221861,0.1346767917549109,2.4104643027629495,0.6249995742521313,0.5714289606840308,0.0285721292312555,1.2178951772504514,1.1666640175730276,0.8996547830925486,59.079,0.484,0.44,0.088,0.09,-0.002,37.00517384330646,37.09342614235002,36.82866924521933,False,16.227,13.861,11.496,0.7131684391374089,34.131736526946106,43.29815602700483,57.772,75.49510506885056,1.989,1.266,10.101
600188,2025-08-25,2025-08-27,影线后收阳,止损清仓,12.920000076293944,12.460000038146973,-3.7146289192542934,10,False,0,-1.238388904545603,2.4077061783017357,2025-08-25,600188_2025-08-25,-3.7146289192542934,False,2,30.632190093439704,36.34021904532732,14.690745151805112,2.4736811284798614,True,2.1450675498565297,2.442118540446387,2.2718284184015434,2.523409603629774,6.397288239739793,True,0.783122528431561,4.36187364185185,3.94207368534119,1.4128752622417275,0.6000006357824734,0.2222216335353706,0.4444432670707413,1.2195564761799789,3.5999923706345727,0.9561743723930212,59.88,0.116,0.132,-0.032,-0.078,0.046,53.89636065529674,40.27480123140142,81.13947950308737,True,13.123,12.602,12.081,0.8051824148694299,8.268528804951593,51.32965869936851,27.907,45.95917230631589,2.689,1.953,2.283
600339,2025-08-08,2025-08-18,影线后收阳,止损清仓,3.4600000381469727,3.450000047683716,-0.4485067880082977,10,True,1,6.069365197447791,6.37681233534865,2025-08-08,600339_2025-08-08,-0.4485067880082977,False,10,23.216378554433067,22.881328193191734,16.10171580512721,1.4210490652123993,False,2.4360039062058565,1.347393185474708,1.2584147035870217,2.049846008003319,6.292562396572397,True,0.7079653312098962,1.7647041498996467,3.592818175491069,1.1695895017748938,0.4444444444444444,0.25,1.0,1.618244274317252,4.0,1.7804208675267097,60.225,0.04,0.043,-0.007,-0.012,0.005,49.782424972505936,45.582572726943,58.18212946363181,True,3.549,3.391,3.232,0.7192430225456551,9.348274845178404,18.3007329454063,36.364,62.750898152791315,1.715,1.046,2.481
600664,2024-11-07,2024-11-21,影线后收阳,震荡市时间止损,4.070000171661377,3.859999895095825,-5.311410688840002,10,False,0,-1.228505863046516,4.145080056452086,2024-11-07,600664_2024-11-07,-5.311410688840002,False,14,59.904140050174,31.45540095286834,6.572774524987385,4.7857112446632595,True,3.738153781332731,2.0050153707678984,2.235622425561478,6.294074824528852,18.57247333316282,True,0.5544361525625027,2.0050165898100376,2.777781122595073,3.826532970612721,0.833333554091195,0.1333331214058422,0.0666665607029211,1.1565659404767172,2.4999940395535227,2.0671877129287437,63.477,0.158,0.159,-0.002,-0.008,0.006,57.2489373483445,56.97813097341413,57.79055009820523,True,4.166,3.829,3.492,0.8575670202691048,17.60250718203187,72.22536656378452,26.667,70.4440862918668,2.133,3.453,6.556
600664,2025-05-29,2025-06-05,影线后收阳,盈利锁定,3.7899999618530273,3.7899999618530273,-0.1599520143956892,10,True,1,6.068602147453149,6.068602147453149,2025-05-29,600664_2025-05-29,-0.1599520143956892,False,7,37.89749991917888,25.16555883587294,9.933766992063344,2.533334922792043,True,2.8458344652149896,1.3911169141181048,0.423952963387553,1.9502341509341832,4.249758213852873,True,0.2682400860240833,2.4324300813361748,1.3368971173472657,2.4324300813361748,0.75,0.0,0.3333333333333333,1.0143338457907638,9.0,-3.14960334281626,56.077,0.036,0.041,-0.008,-0.015,0.0069999999999999,37.69627825637112,41.9988193976206,29.09119597387216,False,3.868,3.718,3.567,0.740863660641287,8.095750403442704,-0.9114650676392808,37.5,76.71496606753693,1.382,0.642,2.076
600671,2025-02-27,2025-03-06,影线后收阳,盈利锁定,10.020000457763672,10.0,-0.359238099389009,10,True,1,13.27345172599815,13.500003814697264,2025-02-27,600671_2025-02-27,-0.359238099389009,False,7,61.35727242008334,20.05495153292612,7.9670290802443295,2.517243420468484,True,2.5948111852748994,1.519760692099715,1.406745389340313,2.8483503847137435,8.765269930412153,True,0.0811213059431615,1.417007507096331,0.4008107952115226,2.4539952080302108,0.4800014495849609,0.3333320087896717,0.749995032961269,1.644219227124355,2.000007947293549,-1.8145191914456953,65.255,0.233,0.248,-0.03,-0.042,0.012,42.918770389314425,43.12028864055309,42.51573388683708,False,10.31,9.742,9.175,0.7444937953864945,11.650585095462942,37.45059075785995,35.385,55.8971164516072,1.332,1.614,4.607
600744,2024-12-16,2024-12-20,影线后收阳,止损清仓,3.640000104904175,3.359999895095825,-7.839961239005532,10,False,0,-7.692313234582195,0.0,2024-12-16,600744_2024-12-16,-7.839961239005532,False,4,30.400532065454662,26.62337461276344,12.337647057002153,2.1578972465137523,True,3.0219787957371245,0.9988918034670378,2.2759227113826217,4.283056738468065,9.221847365563352,True,0.3899731001416364,0.0,1.9607891588331912,2.2471956014182424,0.5333340750795523,0.7499977648303506,0.1249996274717251,1.6141261421101776,1.1428605488400925,-1.3888876011341835,59.632,0.06,0.05,0.021,0.018,0.003,75.16999853120711,73.64842840986364,78.21313877389406,True,3.676,3.491,3.305,0.9029652423293116,10.62732741334861,93.55434692407106,13.333,78.34223034056944,1.158,2.825,4.698
601288,2025-03-05,2025-03-07,影线后收阳,止损清仓,4.789999961853027,4.730000019073486,-1.4105568607317316,10,True,8,0.6263091867905554,1.902751632663204,2025-03-05,601288_2025-03-05,-1.4105568607317316,False,2,15.595407992125748,21.00835386269981,20.16807901228236,1.0416636036533635,False,1.7745310819186333,0.6725508519069733,0.2931320502772832,0.2721365661621676,2.019806949960069,False,0.1684208920127392,0.630246460686381,0.8421044600637336,1.698512166839145,0.5714285714285714,0.5,0.25,1.3892990609483833,2.666687859617891,-0.6329057894472109,53.275,0.015,0.027,-0.024,-0.032,0.008,26.01188400925704,26.85195843324086,24.331735161289387,False,4.928,4.777,4.626,0.5430462313014146,6.321959388737692,-48.19174681787688,62.963,50.0310975645182,0.701,-0.139,0.516
601678,2024-11-20,2024-12-04,多头排列形成,震荡市时间止损,4.03000020980835,3.910000085830689,-3.132859585727509,10,True,2,4.218352124226604,7.416872559296547,2024-11-20,601678_2024-11-20,-3.132859585727509,False,14,44.09923879234373,30.136958338987608,9.589043332880992,3.1428534935959114,True,2.587736046424498,2.91113831561513,1.999498518413498,3.1482004633167984,12.632761558277666,True,0.4102572416647886,4.40415335058718,2.0253205356679924,2.544532858841947,0.8333353201567206,0.0999973773993815,0.0999997615817619,1.4496253586053631,1.4285748345543785,-0.5037778534604955,62.552,0.079,0.091,-0.024,-0.038,0.0139999999999999,45.07652113757629,40.3797249599763,54.47011349277628,True,4.062,3.907,3.752,0.8967748703495141,7.934476580496558,97.05021092648616,24.0,63.00850990384602,2.762,2.047,4.09
601678,2026-02-24,2026-03-03,影线后收阳,盈利锁定,5.510000228881836,5.460000038146973,-1.0659449789860511,10,True,1,7.259520905890176,8.24175469086368,2026-02-24,601678_2026-02-24,-1.0659449789860511,False,7,18.293478280408436,17.402583119200468,17.14286174314039,1.0151504095378945,False,4.990926495178048,2.2642950478585027,3.6688649023901334,4.129267376005823,17.810567067910025,True,0.5599107711124292,1.4733039239835486,2.7985091722205,3.18352193700892,0.6800003051757812,0.352940681484141,0.117646893828047,1.229115750186855,2.833337306980108,0.7648176234636703,62.714,0.18,0.197,-0.034,-0.053,0.0189999999999999,63.89780419515392,55.21320179086367,81.26700900373443,True,5.667,5.292,4.916,0.7909457108945885,14.191232048374896,75.457980334045,27.536,58.15273005121876,2.353,3.734,6.302
601991,2025-03-31,2025-04-07,影线后收阳,止损清仓,2.8299999237060547,2.630000114440918,-7.215779255547574,10,True,7,1.413426251992438,9.125466185357292,2025-03-31,601991_2025-03-31,-7.215779255547574,False,7,52.33246692955905,38.70965343691805,13.978476705743374,2.7692326032215884,True,2.347300177303514,0.78347334028574,0.2834849307713315,2.946522305562618,6.43765682330123,True,-0.4255331956694388,1.0714275678809635,-2.076130761943677,3.663000144099141,0.7692307692307693,0.3,0.0,1.6179040499554196,2.0,-4.545450377297415,58.997,0.044,0.045,-0.002,-0.004,0.002,43.41388889798304,56.62867549143071,16.984315711087703,False,2.927,2.749,2.571,0.727527875578805,12.950163695889408,19.336170962330826,30.0,76.83413884964949,0.295,0.712,3.489
603057,2024-10-18,2024-10-25,影线后收阳,止损清仓,16.34000015258789,16.040000915527344,-1.992995952221213,10,True,1,6.793149326719947,8.790522237733631,2024-10-18,603057_2024-10-18,-1.992995952221213,False,7,47.91667779376366,36.12065112366902,12.67992189151486,2.8486493396966592,True,6.377862436174775,1.2015363075316063,-1.239045131136451,3.3948177331427556,14.345697028226144,True,0.6482987875780645,2.767299022729718,3.286981465200653,1.743466350912968,0.373334248860677,0.928569968869422,0.7499948910429766,1.0553577289339324,0.5283034485240533,-2.0884587955890574,56.876,0.502,0.588,-0.172,-0.181,0.009,18.951992117166434,27.69350980972798,1.4689567320433383,False,17.981,15.804,13.626,0.6231917686768977,27.55631485699824,-7.753880413664009,69.742,66.53565931759337,1.543,-1.134,4.741
603137,2026-02-03,2026-03-03,影线后收阳,震荡市时间止损,14.479999542236328,14.09000015258789,-2.84900995692396,10,True,6,0.5524922645682319,3.3357009364012273,2026-02-03,603137_2026-02-03,-2.84900995692396,False,28,8.157399568861885,20.1058275812219,18.2539584425034,1.1014502769112544,False,1.864640811202776,1.1455696464779304,0.5695213514652826,1.223345819389113,0.8567223034588652,False,0.0978879814483337,2.1156504273913552,0.4857716555548055,0.9059174725491336,0.481477556902471,0.5384700030811215,0.5384700030811215,1.0567116884778789,0.999992664050178,-1.1764711317500756,56.481,0.052,0.046,0.012,-0.004,0.016,54.18180005064117,54.26615729659965,54.013085558724214,False,14.605,14.305,14.005,0.7916659037272127,4.194337644180354,55.11546192441711,30.882,73.03339350631414,1.035,0.567,1.662
603823,2024-10-21,2024-10-30,多头排列形成,盈利锁定,9.489999771118164,9.489999771118164,-0.1599520143956669,10,True,1,6.217072358457744,6.217072358457744,2024-10-21,603823_2024-10-21,-0.1599520143956669,False,9,44.4982679208085,40.93791266205059,14.955643267802978,2.7372886561277596,True,5.938582367616636,1.4322361987543688,0.8715983334540893,5.850202446375963,6.183795972469948,True,0.6454393284097382,0.5296630609895968,3.2644200699990753,1.605991606849301,0.4838690822281493,1.000006357844945,0.0666683620919853,1.0042586995704494,0.7142837680119527,5.869079886157546,55.687,0.166,0.132,0.067,0.064,0.003,35.16795221134716,36.67519468227928,32.15346726948293,False,10.321,8.965,7.61,0.6934709594681535,30.239821528165077,33.24200705649205,57.955,74.01542454491013,1.733,0.556,6.41
603823,2024-12-05,2024-12-17,影线后收阳,震荡市时间止损,10.100000381469728,9.619999885559082,-4.904830304970468,10,False,0,-3.267325853883143,1.5592575258733727,2024-12-05,603823_2024-12-05,-4.904830304970468,False,12,7.764105351266418,25.037467818853926,20.689642353548084,1.2101450276911254,False,4.717114444393816,0.7179927434400679,0.5775779107375727,1.8504551540867515,7.235763706009152,True,0.3000611580143393,-1.1741671470031063,1.5075434681407116,3.8026809521139815,0.6491235408381282,0.432431039193348,0.108107759798337,1.3642536334025424,1.5416655076909629,-3.168323132795461,54.935,0.146,0.164,-0.036,-0.046,0.01,35.827378942466595,43.28400731300073,20.914122201398328,False,10.418,9.916,9.415,0.6829515268890601,10.114965711980638,16.180770460607985,42.236,55.58283531780371,0.849,0.373,2.625
603823,2025-05-06,2025-05-12,影线后收阳,止损清仓,10.270000457763672,10.039999961853027,-2.3959071774816025,10,True,1,1.7526713094291362,4.083663834361588,2025-05-06,603823_2025-05-06,-2.3959071774816025,False,6,35.330081865040285,30.81180909200001,8.671591520533381,3.5531896329573427,True,3.769647958484379,2.967718918545972,4.0526877319695505,7.409929194308036,6.160847957830521,False,0.4228756237603099,5.985561429275402,2.087475441228401,4.05269074815123,0.9756115148075438,0.0249981522586551,0.0,1.015067391934685,2.500005960470162,-1.5999984741210938,58.359,0.095,0.01,0.17,0.141,0.029,78.43350209408246,76.6402627437701,82.01998079470718,True,10.491,9.562,8.632,0.8811191273607705,19.44153942689814,87.57127376927406,6.757,78.16323008289939,2.82,5.252,6.393
920725,2025-12-03,2025-12-04,影线后收阳,止损清仓,36.70000076293945,35.0,-4.784697360963475,10,True,2,4.904629971774359,10.0,2025-12-03,920725_2025-12-03,-4.784697360963475,False,1,26.9981467936302,24.428284485999296,20.75537613231474,1.1769617823483371,False,5.616971586297055,6.785383875556157,7.072005292942496,2.336737150898009,12.18095888353659,False,0.8154880512917321,9.486874289225293,3.936559998833227,8.837483494534078,0.6234310257867216,0.6040266824033621,0.0,2.6129064274737996,3.104169150195901,-2.172641364151815,54.754,-0.006,0.236,-0.484,-0.963,0.479,35.76289556644091,24.734907050674,57.81887259797474,True,40.793,35.862,30.931,0.5849726995477036,27.49986057665495,72.51845452016853,41.287,43.11027253261097,6.3,6.177,2.378
920725,2026-03-10,2026-03-16,影线后收阳,止损清仓,37.36000061035156,36.060001373291016,-3.634041524271426,10,False,0,-3.7473273635091946,-0.2773219218245212,2026-03-10,920725_2026-03-10,-3.634041524271426,False,6,48.705818363701184,35.250419495891116,15.905331704861744,2.2162643414167973,True,6.947844751509352,2.0653494615559618,0.6086082700487541,3.8008463059351745,4.65572410808976,True,0.7985904969854999,-0.2669473480113981,4.037874600670456,5.626241839303203,0.7928286792039904,0.2613065422961391,0.0,1.1570849630423092,4.522705992509363,-6.017651876782113,53.58,0.322,0.32,0.004,-0.105,0.109,37.98041659540478,40.166823287301824,33.607603211610694,False,39.223,35.992,32.761,0.7116992587978277,17.953989775505658,14.111696442361922,51.604,66.51891444387117,2.389,1.224,3.659
